g4205a,A42G,E104K,M182T,G238S,MIC,log_MIC
0,0,0,0,0,0.088,-1.05551732784983
0,0,0,0,1,1.4,0.146128035678238
0,0,0,1,0,0.0713333333333333,-1.14670748137047
0,0,0,1,1,32,1.50514997831991
0,0,1,0,0,0.132666666666667,-0.877238182645975
0,0,1,0,1,360,2.55630250076729
0,0,1,1,0,0.163333333333333,-0.786925174691149
0,0,1,1,1,360,2.55630250076729
0,1,0,0,0,0.088,-1.05551732784983
0,1,0,0,1,23,1.36172783601759
0,1,0,1,0,1.4,0.146128035678238
0,1,0,1,1,360,2.55630250076729
0,1,1,0,0,1.4,0.146128035678238
0,1,1,0,1,2100,3.32221929473392
0,1,1,1,0,0.806666666666667,-0.0933058887392312
0,1,1,1,1,2900,3.46239799789896
1,0,0,0,0,0.088,-1.05551732784983
1,0,0,0,1,1.4,0.146128035678238
1,0,0,1,0,0.088,-1.05551732784983
1,0,0,1,1,360,2.55630250076729
1,0,1,0,0,0.18,-0.744727494896694
1,0,1,0,1,360,2.55630250076729
1,0,1,1,0,0.18,-0.744727494896694
1,0,1,1,1,2100,3.32221929473392
1,1,0,0,0,0.088,-1.05551732784983
1,1,0,0,1,360,2.55630250076729
1,1,0,1,0,0.088,-1.05551732784983
1,1,0,1,1,360,2.55630250076729
1,1,1,0,0,2.06666666666667,0.315270434778591
1,1,1,0,1,1700,3.23044892137827
1,1,1,1,0,1.4,0.146128035678238
1,1,1,1,1,4100,3.61278385671974
